GRAPH!,CAT!,LEM,ORTH?
,,,
# TITLES,,,
ancien testament,NAMEtitle,,Ancien Testament
nouveau testament,NAMEtitle,,Nouveau Testament
,,,
#FICTION,,,
,,,
Baryton,NAMEfict,,
Bijou,NAMEfict,,
Célimène,NAMEfict,,
Chicot,NAMEfict,,
D'Artagnan,NAMEfict,,d'Artagnan
d'Artagnan,NAMEfict,,
Diafoirus,NAMEfict,,
Don Juan,NAMEfict,,
Don Quichotte,NAMEfict,,
Gavroche,NAMEfict,,
Plassans,NAMEplace,,
Verrières,NAMEplace,,
Antarès,NAMEtitle,,
Cinna,NAMEtitle,,
Rodogune,NAMEfict,,
,,,
,,,
# AUTEURS,,,
Abailard,NAMEauthor,,Abélard
Abailart,NAMEauthor,,Abélard
Abeilard,NAMEauthor,,Abélard
Adamov,NAMEauthor,,
Adorno,NAMEauthor,,
Agatha Christie,NAMEauthor,,
Aïvanhov,NAMEauthor,,
Albalat,NAMEauthor,,
Alphonse de Liguori,NAMEauthor,,
Amrouche,NAMEauthor,,
Anacréon,NAMEauthor,,
Andersen,NAMEauthor,,
André Gide,NAMEauthor,,Gide
A. Gide,NAMEauthor,,Gide
Apollinaire,NAMEauthor,,
Guillaume Apollinaire,NAMEauthor,,Apollinaire
Arabia,NAMEauthor,,
Aragon,NAMEauthor,,
Arioste,NAMEauthor,,
Aristophane,NAMEauthor,,
Aristote,NAMEauthor,,
Arland,NAMEauthor,,
Arnaud,NAMEauthor,,
Artaud,NAMEauthor,,
Aubert,NAMEauthor,,
Aubinais,NAMEauthor,,
Audiberti,NAMEauthor,,
Audisio,NAMEauthor,,
Augustin,NAMEauthor,,
Auguste Comte,NAMEauthor,,
Aulnoy,NAMEauthor,,
Auque,NAMEauthor,,
Aury,NAMEauthor,,
Aymé,NAMEauthor,,
Bacon,NAMEauthor,,
Bachelard,NAMEauthor,,
Balthus,NAMEauthor,,
Balzac,NAMEauthor,,
Balze,NAMEauthor,,
Baour-Lormian,NAMEauthor,,
Barrès,NAMEauthor,,
Barbey d'Aurevilly,NAMEauthor,,
Barthes,NAMEauthor,,
Bayle,NAMEauthor,,
Bazaine,NAMEauthor,,
Baudelaire,NAMEauthor,,
Beauharnois,NAMEauthor,,
Beaumarchais,NAMEauthor,,
Beckett,NAMEauthor,,
Beethoven,NAMEauthor,,
Bellini,NAMEauthor,,
Belaval,NAMEauthor,,
Benda,NAMEauthor,,
Bérenger,NAMEauthor,,
Bergson,NAMEauthor,,
Berl,NAMEauthor,,
Bernanos,NAMEauthor,,
Bernard de Clairvaux,NAMEauthor,,
Bernard de Ribeiro,NAMEauthor,,Bernardim Ribeiro
Bernardin de Saint-Pierre,NAMEauthor,,
Bernis,NAMEauthor,,
Berquin,NAMEauthor,,
Beyle,NAMEauthor,,
Bion,NAMEauthor,,
Blanchot,NAMEauthor,,
Blanzat,NAMEauthor,,
Blin de Sainmore,NAMEauthor,,
Blyton,NAMEauthor,,
Boccace,NAMEauthor,,
Boccacio,NAMEauthor,,Boccace
Boëce,NAMEauthor,,Boèce
Boileau,NAMEauthor,,
Boireau,NAMEauthor,,
Bonald,NAMEauthor,,
Bonaventure,NAMEauthor,,
Borges,NAMEauthor,,
Borgès,NAMEauthor,,Borges
Bossuet,NAMEauthor,,
Bottéro,NAMEauthor,,
Boufflers,NAMEauthor,,
Bouhier,NAMEauthor,,
Boulez,NAMEauthor,,
Bounoure,NAMEauthor,,
Bourdic,NAMEauthor,,
Bousquet,NAMEauthor,,
Brancusi,NAMEauthor,,
Brecht,NAMEauthor,,
Bremond,NAMEauthor,,
Brunhoff,NAMEauthor,,
Buffon,NAMEauthor,,
Byron,NAMEauthor,,
Caillois,NAMEauthor,,
Calderon,NAMEauthor,,
Calderón,NAMEauthor,,Calderon
Carroll,NAMEauthor,,
Casanova,NAMEauthor,,
Cassou,NAMEauthor,,
Castiglione,NAMEauthor,,
Čehov,NAMEauthor,,Tchékov
Cérutti,NAMEauthor,,
Cervantes,NAMEauthor,,
César,NAMEauthor,,
Cézanne,NAMEauthor,,
Chabanon,NAMEauthor,,
Chardin,NAMEauthor,,
Chagall,NAMEauthor,,
Chardonne,NAMEauthor,,
Chateaubriand,NAMEauthor,,
Chrysostome,NAMEauthor,,
Cicéron,NAMEauthor,,
Cingria,NAMEauthor,,
Cioran,NAMEauthor,,
Claude Bernard,NAMEauthor,,
Claudel,NAMEauthor,,
Colardeau,NAMEauthor,,
Comte,NAMEauthor,,
Cocteau,NAMEauthor,,
Condillac,NAMEauthor,,
Condorcet,NAMEauthor,,
Cooper,NAMEauthor,,
Corneille,NAMEauthor,,
Corot,NAMEauthor,,
Cournand,NAMEauthor,,
Cournot,NAMEauthor,,
Crébillon,NAMEauthor,,
Crémieux,NAMEauthor,,
Crevel,NAMEauthor,,
Cubières,NAMEauthor,,
Cuvier,NAMEauthor,,
d'Israëli,NAMEauthor,,
Dabit,NAMEauthor,,
Dante,NAMEauthor,,
Daudet,NAMEauthor,,
Daumal,NAMEauthor,,
de Foë,NAMEauthor,,Defoe
de Foë,NAMEauthor,,Defoe
De Foë,NAMEauthor,,Defoe
de Lacretelle,NAMEauthor,,Lacretelle
Delacroix,NAMEauthor,,
de Maistre,NAMEauthor,,
Defoe,NAMEauthor,,
Deguerle,NAMEauthor,,
Delahaye,NAMEauthor,,
Delille,NAMEauthor,,
Delly,NAMEauthor,,
Démosthène,NAMEauthor,,
Demosthenes,NAMEauthor,,Démosthène
Démosthènes,NAMEauthor,,Démosthène
Demoustier,NAMEauthor,,
Derain,NAMEauthor,,
des Préaux,NAMEauthor,,Boileau
Des Préaux,NAMEauthor,,Boileau
Desbarreaux,NAMEauthor,,Des Barreaux
Descartes,NAMEauthor,,
Deshoulières,NAMEauthor,,
Desmortier,NAMEauthor,,
Desnos,NAMEauthor,,
Despréaux,NAMEauthor,,Boileau
Dhôtel,NAMEauthor,,
d'Israëli,NAMEauthor,,Disraeli
Dickens,NAMEauthor,,
Diderot,NAMEauthor,,
Diodore,NAMEauthor,,
Domergue,NAMEauthor,,
Dorat,NAMEauthor,,
Dostoevskij,NAMEauthor,,Dostoïevski
Dostoïevski,NAMEauthor,,
Dostoïevsky,NAMEauthor,,Dostoïevski
Dostoeivsky,NAMEauthor,,Dostoïevski
Dostoïewski,NAMEauthor,,Dostoïevski
Dostoiewski,NAMEauthor,,Dostoievski
Dostoiewsky,NAMEauthor,,Dostoievski
Doyle,NAMEauthor,,
Drieu,NAMEauthor,,Drieu La Rochelle
Drieu La Rochelle,NAMEauthor,,
Du Bellay,NAMEauthor,,
Dubellay,NAMEauthor,,Du Bellay
Dubelloy,NAMEauthor,,Belloy
Dubuffet,NAMEauthor,,
Duchâtelet,NAMEauthor,,Du Châtelet
Ducis,NAMEauthor,,
Du Châtelet,NAMEauthor,,
Dudeffand,NAMEauthor,,Du Deffand
Du Deffand,NAMEauthor,,
Du Deffant,NAMEauthor,,Du Deffand
du Verney,NAMEauthor,,Duverney
Dumas,NAMEauthor,,
Dumarsais,NAMEauthor,,Du Marsais
Duras,NAMEauthor,,
Duvignaud,NAMEauthor,,
Edom,NAMEauthor,,
Engels,NAMEauthor,,
Éluard,NAMEauthor,,
Eluard,NAMEauthor,,Éluard
Épictète,NAMEauthor,,
Érasme,NAMEauthor,,
Erckmann-Chatrian,NAMEauthor,,
Eschyle,NAMEauthor,,
Etiemble,NAMEauthor,,
Eugène Sue,NAMEauthor,,
Euripide,NAMEauthor,,
Fallet,NAMEauthor,,
Fanon,NAMEauthor,,Frantz Fanon
Frantz Fanon,NAMEauthor,,
Fargue,NAMEauthor,,
Faulkner,NAMEauthor,,
Fautrier,NAMEauthor,,
Fénelon,NAMEauthor,,
Ferlus,NAMEauthor,,
Feuerbach,NAMEauthor,,
Féval,NAMEauthor,,
Flaubert,NAMEauthor,,
Fleury,NAMEauthor,,
Florian,NAMEauthor,,
Fontenelle,NAMEauthor,,
Freud,NAMEauthor,,
Fuerbach,NAMEauthor,,Feuerbach
Furestière,NAMEauthor,,Furetière
Galien,NAMEauthor,,
Gaston Gallimard,NAMEauthor,,Gallimard
G. Gallimard,NAMEauthor,,Gallimard
G Gallimard,NAMEauthor,,Gallimard
Gallimard,NAMEauthor,,
Gallus,NAMEauthor,,
García Lorca,NAMEauthor,,Lorca
G.-Bernard Shaw,NAMEauthor,,Bernard Shaw
Geoffroy Saint-Hilaire,NAMEauthor,,
Georges Sand,NAMEauthor,,George Sand
Gerson,NAMEauthor,,
Gide,NAMEauthor,,
Giono,NAMEauthor,,
Giotto,NAMEauthor,,
Giraudoux,NAMEauthor,,
Giugno,NAMEauthor,,
Gobineau,NAMEauthor,,
Goethe,NAMEauthor,,
Goëthe,NAMEauthor,,Goethe
Gogol,NAMEauthor,,
Goldoni,NAMEauthor,,
Goldsmith,NAMEauthor,,
Goscinny,NAMEauthor,,
Gœthe,NAMEauthor,,Goethe
Gœtz,NAMEauthor,,Goetz
Göthe,NAMEauthor,,Goethe
Gorki,NAMEauthor,,
Gourmont,NAMEauthor,,
Gouvé,NAMEauthor,,
Gresset,NAMEauthor,,
Grimm,NAMEauthor,,
Gromaire,NAMEauthor,,
Grosjean,NAMEauthor,,
Groethuysen,NAMEauthor,,
Guilloux,NAMEauthor,,
Guyétand,NAMEauthor,,
Hargreaves,NAMEauthor,,
Hegel,NAMEauthor,,
Hégel,NAMEauthor,,Hegel
Heidegger,NAMEauthor,,
Heine,NAMEauthor,,
Hemingway,NAMEauthor,,
Hergé,NAMEauthor,,
Hérodote,NAMEauthor,,
Hésiode,NAMEauthor,,
Hoffmann,NAMEauthor,,
Hölderlin,NAMEauthor,,
Homère,NAMEauthor,,
Horace,NAMEauthor,,
Houdar de La Motte,NAMEauthor,,Lamothe-Houdard
Imbert,NAMEauthor,,
Ingres,NAMEauthor,,
Ionesco,NAMEauthor,,
J. Racine,NAMEauthor,,Racine
Jaccottet,NAMEauthor,,
Jammes,NAMEauthor,,
Jean de La Fontaine,NAMEauthor,,La Fontaine
Jouhandeau,NAMEauthor,,
Jossaud,NAMEauthor,,
Jouve,NAMEauthor,,
Julie Laurencin,NAMEauthor,,
Julien Benda,NAMEauthor,,Benda
Jung,NAMEauthor,,
Justinien,NAMEauthor,,
Juvénal,NAMEauthor,,
Kafka,NAMEauthor,,
Kant,NAMEauthor,,
Keats,NAMEauthor,,
Kempis,NAMEauthor,,
Kern,NAMEauthor,,
Kierkegaard,NAMEauthor,,
Kipling,NAMEauthor,,
Klee,NAMEauthor,,
Kock,NAMEauthor,,
L'Espinasse,NAMEauthor,,Lespinasse
la Boëtie,NAMEauthor,,La Boétie
La Boëtie,NAMEauthor,,La Boétie
Labruyère,NAMEauthor,,La Bruyère
La Bruyère,NAMEauthor,,La Bruyère
Lacretelle,NAMEauthor,,
Lambrichs,NAMEauthor,,
Lafayette,NAMEauthor,,La Fayette
La Fayette,NAMEauthor,,
La Ferronays,NAMEauthor,,
La Feuillade,NAMEauthor,,
La Fontaine,NAMEauthor,,La Fontaine
Lafontaine,NAMEauthor,,La Fontaine
Laharpe,NAMEauthor,,La Harpe
la harpe,NAMEauthor,,
la Mennais,NAMEauthor,,Lamennais
Lamettrie,NAMEauthor,,La Mettrie
la Mettrie,NAMEauthor,,
Lamothe,NAMEauthor,,La Mothe
la Mothe,NAMEauthor,,La Mothe
Lamothe le Vayer,NAMEauthor,,La Mothe Le Vayer
La Mothe Le Vayer,NAMEauthor,,
la Mothe-le-Vayer,NAMEauthor,,La Mothe Le Vayer
Lamotte,NAMEauthor,,La Mothe
la Motte,NAMEauthor,,La Mothe
Larbaud,NAMEauthor,,
Larochefoucauld,NAMEauthor,,La Rochefoucauld
Larochefoucault,NAMEauthor,,La Rochefoucauld
La Rochefoucauld,NAMEauthor,,La Rochefoucauld
La Touche,NAMEauthor,,
Lachabeaussière,NAMEauthor,,
Lamartine,NAMEauthor,,
Lamotte,NAMEauthor,,
Latouche,NAMEauthor,,
Lautréamont,NAMEauthor,,
Laugier,NAMEauthor,,
Laurès,NAMEauthor,,
Le Dantec,NAMEauthor,,
Léautaud,NAMEauthor,,
Lebailly,NAMEauthor,,
Lebrun,NAMEauthor,,
Lefranc,NAMEauthor,,
Légier,NAMEauthor,,
Legouvé,NAMEauthor,,
Leibniz,NAMEauthor,,
Leibnitz,NAMEauthor,,Leibniz
Leiris,NAMEauthor,,
Lemarchand,NAMEauthor,,
Léon-paul Fargue,NAMEauthor,,Léon-Paul Fargue
Lenin,NAMEauthor,,Lénine
Lénine,NAMEauthor,,
Léonard,NAMEauthor,,
Leprince de Beaumont,NAMEauthor,,
Lesage,NAMEauthor,,
Lessing,NAMEauthor,,
Lhomond,NAMEauthor,,
Lhote,NAMEauthor,,
Linné,NAMEauthor,,
Livani,NAMEauthor,,
Loti,NAMEauthor,,
Louÿs,NAMEauthor,,
L. Racine,NAMEauthor,,Louis Racine
Lucrèce,NAMEauthor,,
Lully,NAMEauthor,,
Luther,NAMEauthor,,
M. Jouhandeau,NAMEauthor,,Jouhandeau
Machiavel,NAMEauthor,,
Maine de Biran,NAMEauthor,,
Malebranche,NAMEauthor,,
Malfilatre,NAMEauthor,,
Malebranche,NAMEauthor,,
Mallarmé,NAMEauthor,,
Mallebranche,NAMEauthor,,Malebranche
Malraux,NAMEauthor,,
Mandiargues,NAMEauthor,,
Manet,NAMEauthor,,
Marcel Jouhandeau,NAMEauthor,,Jouhandeau
Marivaux,NAMEauthor,,
Marx,NAMEauthor,,
Maupassant,NAMEauthor,,
Mauriac,NAMEauthor,,
Max Jacob,NAMEauthor,,
Melville,NAMEauthor,,
Mérimée,NAMEauthor,,
Michaux,NAMEauthor,,
Michelet,NAMEauthor,,
Milton,NAMEauthor,,
Molière,NAMEauthor,,
Montaigne,NAMEauthor,,
Montesquieu,NAMEauthor,,
Montherlant,NAMEauthor,,
Monti,NAMEauthor,,
Morand,NAMEauthor,,
Mozart,NAMEauthor,,
Musset,NAMEauthor,,
Mutel,NAMEauthor,,
Myro,NAMEauthor,,
Myro de Corinthe,NAMEauthor,,
Napoléon,NAMEauthor,,
Nerval,NAMEauthor,,Nerval
de Nerval,NAMEauthor,,Nerval
Gérard de Nerval,NAMEauthor,,Nerval
Nietzsche,NAMEauthor,,
Nimier,NAMEauthor,,
Nodier,NAMEauthor,,
Nourissier,NAMEauthor,,
Ovide,NAMEauthor,,
Paulhan,NAMEauthor,,
Péguy,NAMEauthor,,
Perrault,NAMEauthor,,
Pesselier,NAMEauthor,,
Pétrarque,NAMEauthor,,
Pétrone,NAMEauthor,,
Pétronne,NAMEauthor,,Pétrone
Phidias,NAMEauthor,,
Picasso,NAMEauthor,,
Pindare,NAMEauthor,,
Platon,NAMEauthor,,
Pline,NAMEauthor,,
Plutarque,NAMEauthor,,
Poe,NAMEauthor,,
Poë,NAMEauthor,,Poe
Polybe,NAMEauthor,,
Ponge,NAMEauthor,,
Pope,NAMEauthor,,
Pouchkine,NAMEauthor,,
Poushkine,NAMEauthor,,Pouchkine
Pouskine,NAMEauthor,,Pouchkine
Praxitèle,NAMEauthor,,
Prélong,NAMEauthor,,
Prévert,NAMEauthor,,
Prévost,NAMEauthor,,
Proudhon,NAMEauthor,,
Proust,NAMEauthor,,
Puškin,NAMEauthor,,
Queneau,NAMEauthor,,
Quinault,NAMEauthor,,
Quine,NAMEauthor,,
Quinte-Curce,NAMEauthor,,
Rabelais,NAMEauthor,,
Racine,NAMEauthor,,
Ramuz,NAMEauthor,,
C.F. Ramuz,NAMEauthor,,Ramuz
Redon,NAMEauthor,,
Reid,NAMEauthor,,
Reneville,NAMEauthor,,Renéville
Renéville,NAMEauthor,,
Renneville,NAMEauthor,,Renéville
Renouvier,NAMEauthor,,
Richard-Castel,NAMEauthor,,
Rilke,NAMEauthor,,
Rimbaud,NAMEauthor,,
Rochefort,NAMEauthor,,
Rochefoucauld,NAMEauthor,,
R. Nimier,NAMEauthor,,Nimier
Roger Nimier,NAMEauthor,,Nimier
Rolland,NAMEauthor,,
Rollin,NAMEauthor,,
Ronsard,NAMEauthor,,
Rouault,NAMEauthor,,
Roucher,NAMEauthor,,
Rousseau,NAMEauthor,,
Rubens,NAMEauthor,,
Rudbeuf,NAMEauthor,,Rutebeuf
Ruisdael,NAMEauthor,,
Rutebœuf,NAMEauthor,,Rutebeuf
Rutebeuf,NAMEauthor,,
Sabatier,NAMEauthor,,
Sade,NAMEauthor,,
Sadi,NAMEauthor,,Saadi
Saint Augustin,NAMEauthor,,
Saint-Ange,NAMEauthor,,
Saint-Exupéry,NAMEauthor,,
Saint-John Perse,NAMEauthor,,
Sainte-Beuve,NAMEauthor,,
Saint Thomas,NAMEauthor,,Saint Thomas d'Aquin
Saint Thomas d'Aquin,NAMEauthor,,
Samain,NAMEauthor,,
Sand,NAMEauthor,,
Saphos,NAMEauthor,,
Sarcey,NAMEauthor,,
Sartre,NAMEauthor,,
Jean Paul Sartre,NAMEauthor,,Sartre
Jean-Paul Sartre,NAMEauthor,,Sartre
J.-P. Sartre,NAMEauthor,,Sartre
J.-P Sartre,NAMEauthor,,Sartre
Scaron,NAMEauthor,,
Scarron,NAMEauthor,,
Schehadé,NAMEauthor,,
Schiller,NAMEauthor,,
Schmid,NAMEauthor,,
Scaron,NAMEauthor,,Scarron
Scarron,NAMEauthor,,
Scott,NAMEauthor,,
Scudéri,NAMEauthor,,Scudéry
Scudéry,NAMEauthor,,
Seghers,NAMEauthor,,
Ségur,NAMEauthor,,
Sénèque,NAMEauthor,,
Sévigné,NAMEauthor,,
Shakespeare,NAMEauthor,,
Shakspear,NAMEauthor,,Shakespeare
Shakspeare,NAMEauthor,,Shakespeare
Shakspere,NAMEauthor,,Shakespeare
Schlumberger,NAMEauthor,,
Simenon,NAMEauthor,,
Sivry,NAMEauthor,,
Socrate,NAMEauthor,,
Solon,NAMEauthor,,
Solier,NAMEauthor,,
Soupault,NAMEauthor,,
Soutine,NAMEauthor,,
Starobinsky,NAMEauthor,,
Stravinsky,NAMEauthor,,
Spinosa,NAMEauthor,,Spinoza
Spinoza,NAMEauthor,,
Mme de Staël,NAMEauthor,,Mme de Staël
Madame de Staël,NAMEauthor,,Mme de Staël
mme de Staël,NAMEauthor,,Mme de Staël
madame de Staël,NAMEauthor,,Mme de Staël
Germaine de Staël,NAMEauthor,,Mme de Staël
la baronne de Staël,NAMEauthor,,Mme de Staël
Steiner,NAMEauthor,,
Stendhal,NAMEauthor,,
Stevenson,NAMEauthor,,
Suarès,NAMEauthor,,
Sue,NAMEauthor,,Suë
Suë,NAMEauthor,,
Suétone,NAMEauthor,,
Supervielle,NAMEauthor,,
Swedenborg,NAMEauthor,,
Swedemborg,NAMEauthor,,Swedenborg
Swédenborg,NAMEauthor,,Swedenborg
Swift,NAMEauthor,,
Tacite,NAMEauthor,,
Taine,NAMEauthor,,
Talleyrand,NAMEauthor,,
Tasse,NAMEauthor,,
Tasse,NAMEauthor,,
Tardieu,NAMEauthor,,
Tchékov,NAMEauthor,,
Tezuka,NAMEauthor,,
Théophile Gautier,NAMEauthor,,
Thérive,NAMEauthor,,
Thibaudet,NAMEauthor,,
Thomas d'Aquin,NAMEauthor,,
Tibulle,NAMEauthor,,
Tite-Live,NAMEauthor,,
Toesca,NAMEauthor,,
Tolstoj,NAMEauthor,,Tolstoï
Tolstoï,NAMEauthor,,
Tressan,NAMEauthor,,
Tresséol,NAMEauthor,,
chrétien de Troyes,NAMEauthor,,Chrétien de Troyes
Chrétien de Troyes,NAMEauthor,,Chrétien de Troyes
Chr. de Troyes,NAMEauthor,,Chrétien de Troyes
Turgenev,NAMEauthor,,
Twain,NAMEauthor,,
Valery,NAMEauthor,,Valéry
Valéry,NAMEauthor,,
Varron,NAMEauthor,,
Vauvenargues,NAMEauthor,,
Vega,NAMEauthor,,
Verhaeren,NAMEauthor,,
Verhæren,NAMEauthor,,Verhaeren
Verlaine,NAMEauthor,,
Verne,NAMEauthor,,
Victor Hugo,NAMEauthor,,
V. Hugo,NAMEauthor,,Victor Hugo
Vigny,NAMEauthor,,
Villard,NAMEauthor,,
Villon,NAMEauthor,,
Virgil,NAMEauthor,,Virgile
Virgile,NAMEauthor,,
Vitrac,NAMEauthor,,
Voltaire,NAMEauthor,,
Vuillard,NAMEauthor,,
Wagner,NAMEauthor,,
Wahl,NAMEauthor,,
Weber,NAMEauthor,,
Wilde,NAMEauthor,,
William James,NAMEauthor,,
Young,NAMEauthor,,
Zola,NAMEauthor,,
Zweig,NAMEauthor,,
